,train,validation,test
Accuracy,65.92888888888889,66.42,54.79
Clase,"['Avión', 'Coche', 'Pájaro', 'Gato', 'Ciervo', 'Perro', 'Rana', 'Caballo', 'Barco', 'Camión']","['Avión', 'Coche', 'Pájaro', 'Gato', 'Ciervo', 'Perro', 'Rana', 'Caballo', 'Barco', 'Camión']","['Avión', 'Coche', 'Pájaro', 'Gato', 'Ciervo', 'Perro', 'Rana', 'Caballo', 'Barco', 'Camión']"
Precision,"[0.73243902 0.78465741 0.62336835 0.54280045 0.56885991 0.57058546
 0.68463445 0.65997051 0.71963166 0.67324434]","[0.73509934 0.796875   0.65159574 0.50268817 0.55311355 0.62634989
 0.69449715 0.64656616 0.71957672 0.6746167 ]","[0.61074561 0.68303095 0.50882353 0.39844761 0.47886029 0.46774194
 0.5711775  0.54136546 0.61019879 0.56315789]"
Recall,"[0.66555851 0.76804813 0.43822739 0.42283065 0.63568117 0.53878734
 0.73781438 0.79577778 0.8169484  0.77350522]","[0.68237705 0.796875   0.46052632 0.3970276  0.64118896 0.56420233
 0.72189349 0.772      0.80952381 0.79041916]",[0.557 0.64  0.346 0.308 0.521 0.435 0.65  0.674 0.706 0.642]
F1-Score,"[0.69739898 0.77626393 0.5146537  0.47536304 0.6004171  0.55423068
 0.71023032 0.72153939 0.76520833 0.7199007 ]","[0.7077577  0.796875   0.53964758 0.44365362 0.59390364 0.59365404
 0.70793037 0.70373747 0.76190476 0.72794118]","[0.58263598 0.66081569 0.41190476 0.34743373 0.49904215 0.4507772
 0.6080449  0.60044543 0.65461289 0.6       ]"
Cantidad,[4512 4488 4468 4529 4529 4486 4493 4500 4496 4499],[488 512 532 471 471 514 507 500 504 501],[1000 1000 1000 1000 1000 1000 1000 1000 1000 1000]
